"[Select]","Gene Set Category","Gene Set ID","Gene Set Name","Gene Set Size","Count Overlap Gene","Percentage Genes in Gene Set","Fold Enrichment","log2 fold","P value","P value calc log_10","Bonferroni","Benjamini & Hochberg","Benjamini & Yekutieli","Overlaping Gene Symbols","Overlapping Gene IDs"
"","REACTOME pathway","R-DME-9006934","Signaling by Receptor Tyrosine Kinases","171","13","2.76","2.5354","1.342","0.00196346679257563","2.70697643940152","1","0.299414807805802","1","rl,RtGEF,dos,ERR,btl,CG5114,Mkp3,alpha-Cat,Sra-1,Stat92E,InR,Lk6,chico","FBgn0003256,FBgn0015803,FBgn0016794,FBgn0035849,FBgn0285896,FBgn0036460,FBgn0036844,FBgn0010215,FBgn0038320,FBgn0016917,FBgn0283499,FBgn0017581,FBgn0024248"
"","REACTOME pathway","R-DME-5654738","Signaling by FGFR2","23","4","0.849","5.8001","2.536","0.00449291868180416","2.34747144171486","1","0.299414807805802","1","rl,dos,btl,Lk6","FBgn0003256,FBgn0016794,FBgn0285896,FBgn0017581"
"","REACTOME pathway","R-DME-936837","Ion transport by P-type ATPases","23","4","0.849","5.8001","2.536","0.00449291868180416","2.34747144171486","1","0.299414807805802","1","CG45062,CG33298,SPoCk,ATP8B","FBgn0266432,FBgn0032120,FBgn0052451,FBgn0037989"
"","REACTOME pathway","R-DME-162582","Signal Transduction","873","40","8.493","1.5281","0.612","0.0050522057896188","2.29651896780086","1","0.299414807805802","1","RpII215,NFAT,pico,rl,CYLD,Arr1,Swip-1,dnt,cyst,RtGEF,Cirl,Dgkepsilon,Diap2,Smurf,Lpt,zip,dos,S6k,ERR,sti,trn,btl,CG5114,Mkp3,alpha-Cat,pyd,cv-c,kibra,Sra-1,CG6005,Stat92E,InR,mbc,Tnks,Mtl,AstA-R2,pan,Lk6,Snoo,chico","FBgn0003277,FBgn0030505,FBgn0261811,FBgn0003256,FBgn0032210,FBgn0000120,FBgn0032731,FBgn0024245,FBgn0032796,FBgn0015803,FBgn0033313,FBgn0020930,FBgn0015247,FBgn0029006,FBgn0263667,FBgn0265434,FBgn0016794,FBgn0283472,FBgn0035849,FBgn0002466,FBgn0010452,FBgn0285896,FBgn0036460,FBgn0036844,FBgn0010215,FBgn0262614,FBgn0285955,FBgn0262127,FBgn0038320,FBgn0038672,FBgn0016917,FBgn0283499,FBgn0015513,FBgn0027508,FBgn0039532,FBgn0039595,FBgn0085432,FBgn0017581,FBgn0085450,FBgn0024248"
"","REACTOME pathway","R-DME-877300","Interferon gamma signaling","4","2","0.425","16.6752","4.06","0.00517144630979327","2.28638797982295","1","0.299414807805802","1","rl,Stat92E","FBgn0003256,FBgn0016917"
"","REACTOME pathway","R-DME-5654741","Signaling by FGFR3","24","4","0.849","5.5584","2.475","0.0052657074321179","2.27854327438804","1","0.299414807805802","1","rl,dos,btl,Lk6","FBgn0003256,FBgn0016794,FBgn0285896,FBgn0017581"
"","REACTOME pathway","R-DME-5654743","Signaling by FGFR4","24","4","0.849","5.5584","2.475","0.0052657074321179","2.27854327438804","1","0.299414807805802","1","rl,dos,btl,Lk6","FBgn0003256,FBgn0016794,FBgn0285896,FBgn0017581"
"","REACTOME pathway","R-DME-913531","Interferon Signaling","24","4","0.849","5.5584","2.475","0.0052657074321179","2.27854327438804","1","0.299414807805802","1","rl,CG17030,Stat92E,NAT1","FBgn0003256,FBgn0035584,FBgn0016917,FBgn0010488"
"","REACTOME pathway","R-DME-1971475","A tetrasaccharide linker sequence is required for GAG synthesis","13","3","0.637","7.6962","2.944","0.00612183564789178","2.21311833402843","1","0.299414807805802","1","kon,oxt,dlp","FBgn0032683,FBgn0015360,FBgn0041604"
"","REACTOME pathway","R-DME-110478","Insulin signaling pathway","14","3","0.637","7.1465","2.837","0.00761992093893166","2.1180495346924","1","0.299414807805802","1","Ilp7,InR,chico","FBgn0044046,FBgn0283499,FBgn0024248"
"","REACTOME pathway","R-DME-112409","RAF-independent MAPK1/3 activation","5","2","0.425","13.3401","3.738","0.00844835009255031","2.07322809763786","1","0.299414807805802","1","rl,Mkp3","FBgn0003256,FBgn0036844"
"","REACTOME pathway","R-DME-8981373","Intestinal hexose absorption","5","2","0.425","13.3401","3.738","0.00844835009255031","2.07322809763786","1","0.299414807805802","1","sut3,sut2","FBgn0028561,FBgn0028562"
"","REACTOME pathway","R-DME-5654736","Signaling by FGFR1","28","4","0.849","4.7643","2.252","0.00923447874412941","2.03458761402312","1","0.299414807805802","1","rl,dos,btl,Lk6","FBgn0003256,FBgn0016794,FBgn0285896,FBgn0017581"
"","REACTOME pathway","R-DME-6811558","PI5P, PP2A and IER3 Regulate PI3K/AKT Signaling","29","4","0.849","4.6","2.202","0.0104634413214068","1.98032545685501","1","0.299414807805802","1","dos,ERR,btl,chico","FBgn0016794,FBgn0035849,FBgn0285896,FBgn0024248"
"","REACTOME pathway","R-DME-190236","Signaling by FGFR","30","4","0.849","4.4467","2.153","0.0117933789230022","1.92836174729039","1","0.299414807805802","1","rl,dos,btl,Lk6","FBgn0003256,FBgn0016794,FBgn0285896,FBgn0017581"
"","REACTOME pathway","R-DME-8980692","RHOA GTPase cycle","64","6","1.274","3.1266","1.645","0.0121712225056915","1.91466579803853","1","0.299414807805802","1","cyst,RtGEF,sti,pyd,cv-c,mbc","FBgn0032796,FBgn0015803,FBgn0002466,FBgn0262614,FBgn0285955,FBgn0015513"
"","REACTOME pathway","R-DME-456926","Thrombin signalling through proteinase activated receptors (PARs)","6","2","0.425","11.1168","3.475","0.0124221411059332","1.90580354181241","1","0.299414807805802","1","rl,Arr1","FBgn0003256,FBgn0000120"
"","REACTOME pathway","R-DME-9027276","Erythropoietin activates Phosphoinositide-3-kinase (PI3K)","6","2","0.425","11.1168","3.475","0.0124221411059332","1.90580354181241","1","0.299414807805802","1","dos,chico","FBgn0016794,FBgn0024248"
"","REACTOME pathway","R-DME-109704","PI3K Cascade","17","3","0.637","5.8854","2.557","0.0133183733949367","1.87554881335943","1","0.299414807805802","1","dos,btl,chico","FBgn0016794,FBgn0285896,FBgn0024248"
"","REACTOME pathway","R-DME-110526","Insulin receptor mediated signaling","17","3","0.637","5.8854","2.557","0.0133183733949367","1.87554881335943","1","0.299414807805802","1","Ilp7,InR,chico","FBgn0044046,FBgn0283499,FBgn0024248"
"","REACTOME pathway","R-DME-5654727","Negative regulation of FGFR2 signaling","17","3","0.637","5.8854","2.557","0.0133183733949367","1.87554881335943","1","0.299414807805802","1","rl,btl,Lk6","FBgn0003256,FBgn0285896,FBgn0017581"
"","REACTOME pathway","R-DME-5654732","Negative regulation of FGFR3 signaling","17","3","0.637","5.8854","2.557","0.0133183733949367","1.87554881335943","1","0.299414807805802","1","rl,btl,Lk6","FBgn0003256,FBgn0285896,FBgn0017581"
"","REACTOME pathway","R-DME-422475","Axon guidance","150","10","2.123","2.2234","1.153","0.0150262175334117","1.82315032820247","1","0.299414807805802","1","Bsg,rl,cyst,RtGEF,fra,sli,dos,btl,dlp,Ank","FBgn0261822,FBgn0003256,FBgn0032796,FBgn0015803,FBgn0011592,FBgn0264089,FBgn0016794,FBgn0285896,FBgn0041604,FBgn0011747"
"","REACTOME pathway","R-DME-1266738","Developmental Biology","196","12","2.548","2.0419","1.03","0.0153069141920041","1.81511235237554","1","0.299414807805802","1","Bsg,rl,CG7329,cyst,RtGEF,fra,sli,dos,btl,dlp,alpha-Cat,Ank","FBgn0261822,FBgn0003256,FBgn0032271,FBgn0032796,FBgn0015803,FBgn0011592,FBgn0264089,FBgn0016794,FBgn0285896,FBgn0041604,FBgn0010215,FBgn0011747"
"","REACTOME pathway","R-DME-112399","IRS-mediated signalling","18","3","0.637","5.5584","2.475","0.0156324857984181","1.80597195718889","1","0.299414807805802","1","dos,btl,chico","FBgn0016794,FBgn0285896,FBgn0024248"
"","REACTOME pathway","R-DME-2428928","IRS-related events triggered by IGF1R","18","3","0.637","5.5584","2.475","0.0156324857984181","1.80597195718889","1","0.299414807805802","1","dos,btl,chico","FBgn0016794,FBgn0285896,FBgn0024248"
"","REACTOME pathway","R-DME-5654726","Negative regulation of FGFR1 signaling","18","3","0.637","5.5584","2.475","0.0156324857984181","1.80597195718889","1","0.299414807805802","1","rl,btl,Lk6","FBgn0003256,FBgn0285896,FBgn0017581"
"","REACTOME pathway","R-DME-5654733","Negative regulation of FGFR4 signaling","18","3","0.637","5.5584","2.475","0.0156324857984181","1.80597195718889","1","0.299414807805802","1","rl,btl,Lk6","FBgn0003256,FBgn0285896,FBgn0017581"
"","REACTOME pathway","R-DME-6794361","Neurexins and neuroligins","18","3","0.637","5.5584","2.475","0.0156324857984181","1.80597195718889","1","0.299414807805802","1","Nlg2,trn,Nlg3","FBgn0031866,FBgn0010452,FBgn0083963"
"","REACTOME pathway","R-DME-9675108","Nervous system development","152","10","2.123","2.1941","1.134","0.0163494310159934","1.78649735682107","1","0.299414807805802","1","Bsg,rl,cyst,RtGEF,fra,sli,dos,btl,dlp,Ank","FBgn0261822,FBgn0003256,FBgn0032796,FBgn0015803,FBgn0011592,FBgn0264089,FBgn0016794,FBgn0285896,FBgn0041604,FBgn0011747"
"","REACTOME pathway","R-DME-5654689","PI-3K cascade:FGFR1","7","2","0.425","9.5287","3.252","0.0170482594480701","1.76831995395506","1","0.299414807805802","1","dos,btl","FBgn0016794,FBgn0285896"
"","REACTOME pathway","R-DME-5654695","PI-3K cascade:FGFR2","7","2","0.425","9.5287","3.252","0.0170482594480701","1.76831995395506","1","0.299414807805802","1","dos,btl","FBgn0016794,FBgn0285896"
"","REACTOME pathway","R-DME-5654710","PI-3K cascade:FGFR3","7","2","0.425","9.5287","3.252","0.0170482594480701","1.76831995395506","1","0.299414807805802","1","dos,btl","FBgn0016794,FBgn0285896"
"","REACTOME pathway","R-DME-8963676","Intestinal absorption","7","2","0.425","9.5287","3.252","0.0170482594480701","1.76831995395506","1","0.299414807805802","1","sut3,sut2","FBgn0028561,FBgn0028562"
"","REACTOME pathway","R-DME-2404192","Signaling by Type 1 Insulin-like Growth Factor 1 Receptor (IGF1R)","19","3","0.637","5.2658","2.397","0.0181582089584893","1.74092699049582","1","0.299414807805802","1","dos,btl,chico","FBgn0016794,FBgn0285896,FBgn0024248"
"","REACTOME pathway","R-DME-2428924","IGF1R signaling cascade","19","3","0.637","5.2658","2.397","0.0181582089584893","1.74092699049582","1","0.299414807805802","1","dos,btl,chico","FBgn0016794,FBgn0285896,FBgn0024248"
"","REACTOME pathway","R-DME-74751","Insulin receptor signalling cascade","19","3","0.637","5.2658","2.397","0.0181582089584893","1.74092699049582","1","0.299414807805802","1","dos,btl,chico","FBgn0016794,FBgn0285896,FBgn0024248"
"","REACTOME pathway","R-DME-199418","Negative regulation of the PI3K/AKT network","34","4","0.849","3.9236","1.972","0.0181753397709593","1.74051746166433","1","0.299414807805802","1","dos,ERR,btl,chico","FBgn0016794,FBgn0035849,FBgn0285896,FBgn0024248"
"","REACTOME pathway","R-DME-163685","Integration of energy metabolism","53","5","1.062","3.1463","1.654","0.0209145471570208","1.67955153435068","1","0.306870254681514","1","pes,Ca-beta,Taldo,sut3,sut2","FBgn0031969,FBgn0259822,FBgn0023477,FBgn0028561,FBgn0028562"
"","REACTOME pathway","R-DME-202670","ERKs are inactivated","8","2","0.425","8.3376","3.06","0.0222841811739899","1.652003319314","1","0.306870254681514","1","rl,Mkp3","FBgn0003256,FBgn0036844"
"","REACTOME pathway","R-DME-5654720","PI-3K cascade:FGFR4","8","2","0.425","8.3376","3.06","0.0222841811739899","1.652003319314","1","0.306870254681514","1","dos,btl","FBgn0016794,FBgn0285896"
"","REACTOME pathway","R-DME-9013149","RAC1 GTPase cycle","74","6","1.274","2.7041","1.435","0.0234758873399496","1.62937798331912","1","0.306870254681514","1","cyst,RtGEF,sti,cv-c,Sra-1,mbc","FBgn0032796,FBgn0015803,FBgn0002466,FBgn0285955,FBgn0038320,FBgn0015513"
"","REACTOME pathway","R-DME-390918","Peroxisomal lipid metabolism","21","3","0.637","4.7643","2.252","0.023849050940185","1.62252889878913","1","0.306870254681514","1","CG9527,CG5009,Hacl","FBgn0031813,FBgn0027572,FBgn0034488"
"","REACTOME pathway","R-DME-194315","Signaling by Rho GTPases","237","13","2.76","1.8293","0.871","0.0268224187325641","1.57150206187435","1","0.306870254681514","1","rl,Swip-1,cyst,RtGEF,zip,ERR,sti,pyd,cv-c,Sra-1,CG6005,mbc,Mtl","FBgn0003256,FBgn0032731,FBgn0032796,FBgn0015803,FBgn0265434,FBgn0035849,FBgn0002466,FBgn0262614,FBgn0285955,FBgn0038320,FBgn0038672,FBgn0015513,FBgn0039532"
"","REACTOME pathway","R-DME-9009391","Extra-nuclear estrogen signaling","22","3","0.637","4.5478","2.185","0.0270146421092864","1.56840078163179","1","0.306870254681514","1","rl,ERR,InR","FBgn0003256,FBgn0035849,FBgn0283499"
"","REACTOME pathway","R-DME-1237044","Erythrocytes take up carbon dioxide and release oxygen","9","2","0.425","7.4112","2.89","0.0280893366831789","1.55145851634262","1","0.306870254681514","1","Eglp4,Ae2","FBgn0034885,FBgn0036043"
"","REACTOME pathway","R-DME-1247673","Erythrocytes take up oxygen and release carbon dioxide","9","2","0.425","7.4112","2.89","0.0280893366831789","1.55145851634262","1","0.306870254681514","1","Eglp4,Ae2","FBgn0034885,FBgn0036043"
"","REACTOME pathway","R-DME-1480926","O2/CO2 exchange in erythrocytes","9","2","0.425","7.4112","2.89","0.0280893366831789","1.55145851634262","1","0.306870254681514","1","Eglp4,Ae2","FBgn0034885,FBgn0036043"
"","REACTOME pathway","R-DME-8963743","Digestion and absorption","78","6","1.274","2.5654","1.359","0.0294944476062444","1.53025973320585","1","0.306870254681514","1","Nlg2,CG17292,CG7329,Nlg3,sut3,sut2","FBgn0031866,FBgn0032029,FBgn0032271,FBgn0083963,FBgn0028561,FBgn0028562"
"","REACTOME pathway","R-DME-9716542","Signaling by Rho GTPases, Miro GTPases and RHOBTB3","241","13","2.76","1.799","0.847","0.0301652750685258","1.52049271012221","1","0.306870254681514","1","rl,Swip-1,cyst,RtGEF,zip,ERR,sti,pyd,cv-c,Sra-1,CG6005,mbc,Mtl","FBgn0003256,FBgn0032731,FBgn0032796,FBgn0015803,FBgn0265434,FBgn0035849,FBgn0002466,FBgn0262614,FBgn0285955,FBgn0038320,FBgn0038672,FBgn0015513,FBgn0039532"
"","REACTOME pathway","R-DME-177929","Signaling by EGFR","23","3","0.637","4.35","2.121","0.0303929006234088","1.51722784994881","1","0.306870254681514","1","RtGEF,dos,CG5114","FBgn0015803,FBgn0016794,FBgn0036460"
"","REACTOME pathway","R-DME-189200","Cellular hexose transport","23","3","0.637","4.35","2.121","0.0303929006234088","1.51722784994881","1","0.306870254681514","1","CG4797,sut3,sut2","FBgn0034909,FBgn0028561,FBgn0028562"
"","REACTOME pathway","R-DME-5694530","Cargo concentration in the ER","40","4","0.849","3.335","1.738","0.0311543573918188","1.50648120233139","1","0.309565519480612","1","Sec24AB,Spn77Bc,Spn88Eb,Spn42Da","FBgn0033460,FBgn0036970,FBgn0038299,FBgn0265137"
"","REACTOME pathway","R-DME-2173795","Downregulation of SMAD2/3:SMAD4 transcriptional activity","24","3","0.637","4.1688","2.06","0.033982499650736","1.46874467889269","1","0.321642837742818","1","rl,Smurf,Snoo","FBgn0003256,FBgn0029006,FBgn0085450"
"","REACTOME pathway","R-DME-1251985","Nuclear signaling by ERBB4","10","2","0.425","6.6701","2.738","0.0344250321545828","1.46312564541958","1","0.321642837742818","1","ERR,Stat92E","FBgn0035849,FBgn0016917"
"","REACTOME pathway","R-DME-2028269","Signaling by Hippo","10","2","0.425","6.6701","2.738","0.0344250321545828","1.46312564541958","1","0.321642837742818","1","pyd,kibra","FBgn0262614,FBgn0262127"
"","REACTOME pathway","R-DME-389887","Beta-oxidation of pristanoyl-CoA","10","2","0.425","6.6701","2.738","0.0344250321545828","1.46312564541958","1","0.321642837742818","1","CG9527,CG5009","FBgn0031813,FBgn0027572"
"","REACTOME pathway","R-DME-422356","Regulation of insulin secretion","43","4","0.849","3.1024","1.633","0.0392510641413568","1.40614856453772","1","0.356103857282454","1","pes,Ca-beta,sut3,sut2","FBgn0031969,FBgn0259822,FBgn0028561,FBgn0028562"
"","REACTOME pathway","R-DME-73887","Death Receptor Signaling","43","4","0.849","3.1024","1.633","0.0392510641413568","1.40614856453772","1","0.356103857282454","1","CYLD,cyst,RtGEF,trn","FBgn0032210,FBgn0032796,FBgn0015803,FBgn0010452"
"","REACTOME pathway","R-DME-5654696","Downstream signaling of activated FGFR2","11","2","0.425","6.0637","2.6","0.0412543739202718","1.38452999938713","1","0.358683862140141","1","dos,btl","FBgn0016794,FBgn0285896"
"","REACTOME pathway","R-DME-5654708","Downstream signaling of activated FGFR3","11","2","0.425","6.0637","2.6","0.0412543739202718","1.38452999938713","1","0.358683862140141","1","dos,btl","FBgn0016794,FBgn0285896"
"","REACTOME pathway","R-DME-9006335","Signaling by Erythropoietin","11","2","0.425","6.0637","2.6","0.0412543739202718","1.38452999938713","1","0.358683862140141","1","dos,chico","FBgn0016794,FBgn0024248"
"","REACTOME pathway","R-DME-74752","Signaling by Insulin receptor","44","4","0.849","3.0318","1.6","0.0421919293850297","1.3747706144116","1","0.361810243767515","1","dos,btl,InR,chico","FBgn0016794,FBgn0285896,FBgn0283499,FBgn0024248"
"","REACTOME pathway","R-DME-1793185","Chondroitin sulfate/dermatan sulfate metabolism","27","3","0.637","3.7056","1.89","0.0459983165259319","1.33725806259836","1","0.373527311357067","1","kon,oxt,dlp","FBgn0032683,FBgn0015360,FBgn0041604"
"","REACTOME pathway","R-DME-204005","COPII-mediated vesicle transport","66","5","1.062","2.5265","1.337","0.0476931907310725","1.32154362177784","1","0.373527311357067","1","Sec24AB,Spn77Bc,Spn88Eb,SIDL,Spn42Da","FBgn0033460,FBgn0036970,FBgn0038299,FBgn0038303,FBgn0265137"
"","REACTOME pathway","R-DME-196836","Vitamin C (ascorbate) metabolism","12","2","0.425","5.5584","2.475","0.0485421956727535","1.31388058344301","1","0.373527311357067","1","sut3,sut2","FBgn0028561,FBgn0028562"
"","REACTOME pathway","R-DME-5654716","Downstream signaling of activated FGFR4","12","2","0.425","5.5584","2.475","0.0485421956727535","1.31388058344301","1","0.373527311357067","1","dos,btl","FBgn0016794,FBgn0285896"
"","REACTOME pathway","R-DME-5688426","Deubiquitination","159","9","1.911","1.8878","0.917","0.0503114681246207","1.29833300946577","1","0.373527311357067","1","CYLD,Arr1,Asx,Smurf,gol,ERR,l(3)L1231,Tnks,CG6420","FBgn0032210,FBgn0000120,FBgn0261823,FBgn0029006,FBgn0004919,FBgn0035849,FBgn0086686,FBgn0027508,FBgn0039451"
"","REACTOME pathway","R-DME-140837","Intrinsic Pathway of Fibrin Clot Formation","28","3","0.637","3.5732","1.837","0.0504099770597482","1.29748350019778","1","0.373527311357067","1","Spn77Bc,Spn88Eb,Spn42Da","FBgn0036970,FBgn0038299,FBgn0265137"
"","REACTOME pathway","R-DME-140877","Formation of Fibrin Clot (Clotting Cascade)","28","3","0.637","3.5732","1.837","0.0504099770597482","1.29748350019778","1","0.373527311357067","1","Spn77Bc,Spn88Eb,Spn42Da","FBgn0036970,FBgn0038299,FBgn0265137"
"","REACTOME pathway","R-DME-109581","Apoptosis","47","4","0.849","2.8383","1.505","0.0517401282907011","1.28617249877613","1","0.373527311357067","1","Drp1,fra,Diap2,pyd","FBgn0026479,FBgn0011592,FBgn0015247,FBgn0262614"
"","REACTOME pathway","R-DME-195258","RHO GTPase Effectors","68","5","1.062","2.4522","1.294","0.053043951614572","1.27536412976774","1","0.373527311357067","1","rl,zip,ERR,sti,Sra-1","FBgn0003256,FBgn0265434,FBgn0035849,FBgn0002466,FBgn0038320"
"","REACTOME pathway","R-DME-1638091","Heparan sulfate/heparin (HS-GAG) metabolism","29","3","0.637","3.45","1.787","0.0550191927218645","1.25948578615665","1","0.373527311357067","1","kon,oxt,dlp","FBgn0032683,FBgn0015360,FBgn0041604"
"","REACTOME pathway","R-DME-1295596","Spry regulation of FGF signaling","13","2","0.425","5.1308","2.359","0.0562549884045465","1.2498389604964","1","0.373527311357067","1","rl,Lk6","FBgn0003256,FBgn0017581"
"","REACTOME pathway","R-DME-198753","ERK/MAPK targets","13","2","0.425","5.1308","2.359","0.0562549884045465","1.2498389604964","1","0.373527311357067","1","rl,Mkp3","FBgn0003256,FBgn0036844"
"","REACTOME pathway","R-DME-5654687","Downstream signaling of activated FGFR1","13","2","0.425","5.1308","2.359","0.0562549884045465","1.2498389604964","1","0.373527311357067","1","dos,btl","FBgn0016794,FBgn0285896"
"","REACTOME pathway","R-DME-194002","Glucocorticoid biosynthesis","30","3","0.637","3.335","1.738","0.0598220609217381","1.22313862922645","1","0.37448610137008","1","Spn77Bc,Spn88Eb,Spn42Da","FBgn0036970,FBgn0038299,FBgn0265137"
"","REACTOME pathway","R-DME-201451","Signaling by BMP","14","2","0.425","4.7643","2.252","0.064360832982149","1.19137834373382","1","0.390307694176914","1","Smurf,Snoo","FBgn0029006,FBgn0085450"
"","REACTOME pathway","R-DME-376176","Signaling by ROBO receptors","31","3","0.637","3.2275","1.69","0.0648143812787495","1.18832862040964","1","0.390307694176914","1","Bsg,sli,dlp","FBgn0261822,FBgn0264089,FBgn0041604"
"","REACTOME pathway","R-DME-5357801","Programmed Cell Death","51","4","0.849","2.6157","1.387","0.0661462445708577","1.1794948076889","1","0.390307694176914","1","Drp1,fra,Diap2,pyd","FBgn0026479,FBgn0011592,FBgn0015247,FBgn0262614"
"","REACTOME pathway","R-DME-201681","TCF dependent signaling in response to WNT","96","6","1.274","2.0844","1.06","0.0685779808246335","1.1638153061798","1","0.390307694176914","1","dnt,Diap2,Smurf,Lpt,Tnks,pan","FBgn0024245,FBgn0015247,FBgn0029006,FBgn0263667,FBgn0027508,FBgn0085432"
"","REACTOME pathway","R-DME-196071","Metabolism of steroid hormones","74","5","1.062","2.2534","1.172","0.0711036442321333","1.14810814006703","1","0.390307694176914","1","Cyp4ae1,Cyp4ad1,Spn77Bc,Spn88Eb,Spn42Da","FBgn0015036,FBgn0033292,FBgn0036970,FBgn0038299,FBgn0265137"
"","REACTOME pathway","R-DME-5689880","Ub-specific processing proteases","121","7","1.486","1.9294","0.948","0.0718131193796367","1.14379620821309","1","0.390307694176914","1","CYLD,Arr1,Smurf,gol,ERR,Tnks,CG6420","FBgn0032210,FBgn0000120,FBgn0029006,FBgn0004919,FBgn0035849,FBgn0027508,FBgn0039451"
"","REACTOME pathway","R-DME-983712","Ion channel transport","75","5","1.062","2.2234","1.153","0.0744042245449162","1.1284024052544","1","0.390307694176914","1","CG45062,CG33298,SPoCk,ATP8B,CG42638","FBgn0266432,FBgn0032120,FBgn0052451,FBgn0037989,FBgn0261361"
"","REACTOME pathway","R-DME-352230","Amino acid transport across the plasma membrane","33","3","0.637","3.0318","1.6","0.075349276663551","1.12292091246065","1","0.390307694176914","1","JhI-21,CG8850,CD98hc","FBgn0028425,FBgn0033708,FBgn0037533"
"","REACTOME pathway","R-DME-168256","Immune System","848","33","7.006","1.2978","0.376","0.0754710380659559","1.12221967646658","1","0.390307694176914","1","NFAT,Prx6005,rl,RapGAP1,pes,Trim9,Oatp33Ea,Ku80,Cul2,Tmem63,Cirl,Sec24AB,Amph,conv,Smurf,mahj,dos,CG17030,Mdr65,Su(P),Mkp3,Spn77Bc,ATP8B,Spn88Eb,Sra-1,Stat92E,mbc,stac,AstA-R2,sut3,sut2,NAT1,Spn42Da","FBgn0030505,FBgn0031479,FBgn0003256,FBgn0264895,FBgn0031969,FBgn0051721,FBgn0032433,FBgn0041627,FBgn0032956,FBgn0033259,FBgn0033313,FBgn0033460,FBgn0027356,FBgn0261269,FBgn0029006,FBgn0034641,FBgn0016794,FBgn0035584,FBgn0004513,FBgn0004465,FBgn0036844,FBgn0036970,FBgn0037989,FBgn0038299,FBgn0038320,FBgn0016917,FBgn0015513,FBgn0266719,FBgn0039595,FBgn0028561,FBgn0028562,FBgn0010488,FBgn0265137"
"","REACTOME pathway","R-DME-9012999","RHO GTPase cycle","199","10","2.123","1.6759","0.745","0.0772447560465425","1.1121309940695","1","0.390307694176914","1","Swip-1,cyst,RtGEF,sti,pyd,cv-c,Sra-1,CG6005,mbc,Mtl","FBgn0032731,FBgn0032796,FBgn0015803,FBgn0002466,FBgn0262614,FBgn0285955,FBgn0038320,FBgn0038672,FBgn0015513,FBgn0039532"
"","REACTOME pathway","R-DME-201722","Formation of the beta-catenin:TCF transactivating complex","16","2","0.425","4.1688","2.06","0.0816315636426978","1.08814188456279","1","0.390307694176914","1","Lpt,pan","FBgn0263667,FBgn0085432"
"","REACTOME pathway","R-DME-2173791","TGF-beta receptor signaling in EMT (epithelial to mesenchymal transition)","16","2","0.425","4.1688","2.06","0.0816315636426978","1.08814188456279","1","0.390307694176914","1","cyst,Smurf","FBgn0032796,FBgn0029006"
"","REACTOME pathway","R-DME-5653890","Lactose synthesis","16","2","0.425","4.1688","2.06","0.0816315636426978","1.08814188456279","1","0.390307694176914","1","sut3,sut2","FBgn0028561,FBgn0028562"
"","REACTOME pathway","R-DME-6794362","Protein-protein interactions at synapses","35","3","0.637","2.8586","1.515","0.0865854795278641","1.06255493349846","1","0.390307694176914","1","Nlg2,trn,Nlg3","FBgn0031866,FBgn0010452,FBgn0083963"
"","REACTOME pathway","R-DME-9748784","Drug ADME","152","8","1.699","1.7553","0.812","0.0872382356674042","1.05929312630813","1","0.390307694176914","1","CG5397,Ugt36D1,St1,Spn77Bc,ry,CG14855,Spn88Eb,Spn42Da","FBgn0031327,FBgn0032713,FBgn0034887,FBgn0036970,FBgn0003308,FBgn0038260,FBgn0038299,FBgn0265137"
"","REACTOME pathway","R-DME-1169408","ISG15 antiviral mechanism","17","2","0.425","3.9236","1.972","0.090739989009066","1.04220127767417","1","0.39641128506489","1","CG17030,NAT1","FBgn0035584,FBgn0010488"
"","REACTOME pathway","R-DME-209469","WG ligand bound to FZ receptors","17","2","0.425","3.9236","1.972","0.090739989009066","1.04220127767417","1","0.39641128506489","1","pan,gish","FBgn0085432,FBgn0250823"
"","REACTOME pathway","R-DME-5689896","Ovarian tumor domain proteases","17","2","0.425","3.9236","1.972","0.090739989009066","1.04220127767417","1","0.39641128506489","1","gol,ERR","FBgn0004919,FBgn0035849"
"","REACTOME pathway","R-DME-192456","Digestion of dietary lipid","57","4","0.849","2.3404","1.227","0.0912159111154919","1.03992939953401","1","0.39641128506489","1","Nlg2,CG17292,CG7329,Nlg3","FBgn0031866,FBgn0032029,FBgn0032271,FBgn0083963"
"","REACTOME pathway","R-DME-193704","p75 NTR receptor-mediated signalling","36","3","0.637","2.7792","1.475","0.0924537501908529","1.03407546791031","1","0.39641128506489","1","cyst,RtGEF,trn","FBgn0032796,FBgn0015803,FBgn0010452"
"","REACTOME pathway","R-DME-2173793","Transcriptional activity of SMAD2/SMAD3:SMAD4 heterotrimer","36","3","0.637","2.7792","1.475","0.0924537501908529","1.03407546791031","1","0.39641128506489","1","rl,Smurf,Snoo","FBgn0003256,FBgn0029006,FBgn0085450"
"","REACTOME pathway","R-DME-170834","Signaling by TGF-beta Receptor Complex","58","4","0.849","2.3","1.202","0.0957793702192903","1.01872802291239","1","0.404670391162718","1","rl,cyst,Smurf,Snoo","FBgn0003256,FBgn0032796,FBgn0029006,FBgn0085450"
"","REACTOME pathway","R-DME-5252538","Drosophila signaling pathways","182","9","1.911","1.6492","0.722","0.0975831168927815","1.01062531424469","1","0.404670391162718","1","Ilp7,Diap2,zip,ea,Stat92E,InR,pan,gish,chico","FBgn0044046,FBgn0015247,FBgn0265434,FBgn0000533,FBgn0016917,FBgn0283499,FBgn0085432,FBgn0250823,FBgn0024248"
"","REACTOME pathway","R-DME-425407","SLC-mediated transmembrane transport","183","9","1.911","1.6402","0.714","0.100078055722408","0.999661140537173","1","0.404670391162718","1","JhI-21,Oatp33Ea,CG8850,CG4797,Ae2,CD98hc,CG14855,sut3,sut2","FBgn0028425,FBgn0032433,FBgn0033708,FBgn0034909,FBgn0036043,FBgn0037533,FBgn0038260,FBgn0028561,FBgn0028562"
"","REACTOME pathway","R-DME-1169410","Antiviral mechanism by IFN-stimulated genes","18","2","0.425","3.7056","1.89","0.100128426910397","0.9994426068597","1","0.404670391162718","1","CG17030,NAT1","FBgn0035584,FBgn0010488"
"","REACTOME pathway","R-DME-445144","Signal transduction by L1","18","2","0.425","3.7056","1.89","0.100128426910397","0.9994426068597","1","0.404670391162718","1","rl,btl","FBgn0003256,FBgn0285896"
"","REACTOME pathway","R-DME-450282","MAPK targets/ Nuclear events mediated by MAP kinases","18","2","0.425","3.7056","1.89","0.100128426910397","0.9994426068597","1","0.404670391162718","1","rl,Mkp3","FBgn0003256,FBgn0036844"
"","REACTOME pathway","R-DME-6798695","Neutrophil degranulation","490","20","4.246","1.3612","0.445","0.101508223712781","0.99349877185516","1","0.404670391162718","1","Prx6005,rl,pes,Oatp33Ea,Ku80,Tmem63,Cirl,Amph,conv,Su(P),Spn77Bc,ATP8B,Spn88Eb,Sra-1,mbc,stac,AstA-R2,sut3,sut2,Spn42Da","FBgn0031479,FBgn0003256,FBgn0031969,FBgn0032433,FBgn0041627,FBgn0033259,FBgn0033313,FBgn0027356,FBgn0261269,FBgn0004465,FBgn0036970,FBgn0037989,FBgn0038299,FBgn0038320,FBgn0015513,FBgn0266719,FBgn0039595,FBgn0028561,FBgn0028562,FBgn0265137"
"","REACTOME pathway","R-DME-5674135","MAP2K and MAPK activation","38","3","0.637","2.6329","1.397","0.104663728675819","0.980203797453338","1","0.404670391162718","1","pico,rl,Arr1","FBgn0261811,FBgn0003256,FBgn0000120"
"","REACTOME pathway","R-DME-372790","Signaling by GPCR","133","7","1.486","1.7553","0.812","0.105344118426711","0.977389706910459","1","0.404670391162718","1","rl,Arr1,cyst,RtGEF,Cirl,Dgkepsilon,AstA-R2","FBgn0003256,FBgn0000120,FBgn0032796,FBgn0015803,FBgn0033313,FBgn0020930,FBgn0039595"
"","REACTOME pathway","R-DME-193648","NRAGE signals death through JNK","19","2","0.425","3.5106","1.812","0.109771981963562","0.959508494415686","1","0.404670391162718","1","cyst,RtGEF","FBgn0032796,FBgn0015803"
"","REACTOME pathway","R-DME-198725","Nuclear Events (kinase and transcription factor activation)","19","2","0.425","3.5106","1.812","0.109771981963562","0.959508494415686","1","0.404670391162718","1","rl,Mkp3","FBgn0003256,FBgn0036844"
"","REACTOME pathway","R-DME-204998","Cell death signalling via NRAGE, NRIF and NADE","19","2","0.425","3.5106","1.812","0.109771981963562","0.959508494415686","1","0.404670391162718","1","cyst,RtGEF","FBgn0032796,FBgn0015803"
"","REACTOME pathway","R-DME-71240","Tryptophan catabolism","19","2","0.425","3.5106","1.812","0.109771981963562","0.959508494415686","1","0.404670391162718","1","JhI-21,CD98hc","FBgn0028425,FBgn0037533"
"","REACTOME pathway","R-DME-76002","Platelet activation, signaling and aggregation","187","9","1.911","1.6051","0.683","0.110420779655159","0.956949190733846","1","0.404670391162718","1","pico,rl,pes,Arr1,Dgkepsilon,CG5114,Spn77Bc,Spn88Eb,Spn42Da","FBgn0261811,FBgn0003256,FBgn0031969,FBgn0000120,FBgn0020930,FBgn0036460,FBgn0036970,FBgn0038299,FBgn0265137"
"","REACTOME pathway","R-DME-9006936","Signaling by TGFB family members","62","4","0.849","2.1516","1.105","0.115066021768313","0.939052901713987","1","0.404670391162718","1","rl,cyst,Smurf,Snoo","FBgn0003256,FBgn0032796,FBgn0029006,FBgn0085450"
"","REACTOME pathway","R-DME-166520","Signaling by NTRKs","40","3","0.637","2.5013","1.323","0.117467861562067","0.930080937268194","1","0.406270062640076","1","rl,Mkp3,chico","FBgn0003256,FBgn0036844,FBgn0024248"
"","REACTOME pathway","R-DME-187037","Signaling by NTRK1 (TRKA)","40","3","0.637","2.5013","1.323","0.117467861562067","0.930080937268194","1","0.406270062640076","1","rl,Mkp3,chico","FBgn0003256,FBgn0036844,FBgn0024248"
"","REACTOME pathway","R-DME-75153","Apoptotic execution phase","40","3","0.637","2.5013","1.323","0.117467861562067","0.930080937268194","1","0.406270062640076","1","Drp1,Diap2,pyd","FBgn0026479,FBgn0015247,FBgn0262614"
"","REACTOME pathway","R-DME-373760","L1CAM interactions","41","3","0.637","2.4403","1.287","0.124078546078552","0.906303304119027","1","0.425362809762558","1","rl,btl,Ank","FBgn0003256,FBgn0285896,FBgn0011747"
"","REACTOME pathway","R-DME-556833","Metabolism of lipids","447","18","3.822","1.343","0.425","0.126451392538604","0.898076383650525","1","0.425362809762558","1","Cyp4ae1,CG5397,CG9527,Ugt36D1,Cyp4ad1,oys,Sin3A,CG5009,Hacl,Su(P),Spn77Bc,Cerk,CG14855,Spn88Eb,PKD,CG5326,gish,Spn42Da","FBgn0015036,FBgn0031327,FBgn0031813,FBgn0032713,FBgn0033292,FBgn0033476,FBgn0022764,FBgn0027572,FBgn0034488,FBgn0004465,FBgn0036970,FBgn0037315,FBgn0038260,FBgn0038299,FBgn0038603,FBgn0038983,FBgn0250823,FBgn0265137"
"","REACTOME pathway","R-DME-1257604","PIP3 activates AKT signaling","141","7","1.486","1.6557","0.727","0.131656987225401","0.880556087314379","1","0.425362809762558","1","Diap2,dos,S6k,ERR,btl,Tnks,chico","FBgn0015247,FBgn0016794,FBgn0283472,FBgn0035849,FBgn0285896,FBgn0027508,FBgn0024248"
"","REACTOME pathway","R-DME-1236394","Signaling by ERBB4","22","2","0.425","3.0318","1.6","0.14000262303151","0.85386382748291","1","0.425362809762558","1","ERR,Stat92E","FBgn0035849,FBgn0016917"
"","REACTOME pathway","R-DME-2046104","alpha-linolenic (omega3) and linoleic (omega6) acid metabolism","22","2","0.425","3.0318","1.6","0.14000262303151","0.85386382748291","1","0.425362809762558","1","CG5009,CG5326","FBgn0027572,FBgn0038983"
"","REACTOME pathway","R-DME-2046106","alpha-linolenic acid (ALA) metabolism","22","2","0.425","3.0318","1.6","0.14000262303151","0.85386382748291","1","0.425362809762558","1","CG5009,CG5326","FBgn0027572,FBgn0038983"
"","REACTOME pathway","R-DME-4086398","Ca2+ pathway","22","2","0.425","3.0318","1.6","0.14000262303151","0.85386382748291","1","0.425362809762558","1","NFAT,pan","FBgn0030505,FBgn0085432"
"","REACTOME pathway","R-DME-5205647","Mitophagy","22","2","0.425","3.0318","1.6","0.14000262303151","0.85386382748291","1","0.425362809762558","1","ref(2)P,Atg1","FBgn0003231,FBgn0260945"
"","REACTOME pathway","R-DME-8936459","RUNX1 regulates genes involved in megakaryocyte differentiation and platelet function","22","2","0.425","3.0318","1.6","0.14000262303151","0.85386382748291","1","0.425362809762558","1","Sin3A,Lpt","FBgn0022764,FBgn0263667"
"","REACTOME pathway","R-DME-8939211","ESR-mediated signaling","67","4","0.849","1.9911","0.994","0.141334607716633","0.849751482170754","1","0.425362809762558","1","RpII215,rl,ERR,InR","FBgn0003277,FBgn0003256,FBgn0035849,FBgn0283499"
"","REACTOME pathway","R-DME-195721","Signaling by WNT","144","7","1.486","1.6212","0.697","0.142295476754844","0.846808904916654","1","0.426205590662833","1","NFAT,dnt,Diap2,Smurf,Lpt,Tnks,pan","FBgn0030505,FBgn0024245,FBgn0015247,FBgn0029006,FBgn0263667,FBgn0027508,FBgn0085432"
"","REACTOME pathway","R-DME-8957322","Metabolism of steroids","118","6","1.274","1.6958","0.762","0.143704227029127","0.842530456998517","1","0.428375457715398","1","Cyp4ae1,Cyp4ad1,CG5009,Spn77Bc,Spn88Eb,Spn42Da","FBgn0015036,FBgn0033292,FBgn0027572,FBgn0036970,FBgn0038299,FBgn0265137"
"","REACTOME pathway","R-DME-9033241","Peroxisomal protein import","44","3","0.637","2.2739","1.185","0.144675902741101","0.839603799068057","1","0.429228033724783","1","CG9527,CG5009,Hacl","FBgn0031813,FBgn0027572,FBgn0034488"
"","REACTOME pathway","R-DME-209459","Imd pathway","23","2","0.425","2.9","1.536","0.150441644213234","0.822631928713926","1","0.44422862866738","1","Diap2,Stat92E","FBgn0015247,FBgn0016917"
"","REACTOME pathway","R-DME-9757110","Prednisone ADME","69","4","0.849","1.9334","0.951","0.152453250834369","0.816863310528674","1","0.448055094001478","1","Ugt36D1,Spn77Bc,Spn88Eb,Spn42Da","FBgn0032713,FBgn0036970,FBgn0038299,FBgn0265137"
"","REACTOME pathway","R-DME-948021","Transport to the Golgi and subsequent modification","147","7","1.486","1.5881","0.667","0.15333366606381","0.814362480628176","1","0.448536798859557","1","Sec24AB,SiaT,Spn77Bc,Spn88Eb,SIDL,Ank,Spn42Da","FBgn0033460,FBgn0035050,FBgn0036970,FBgn0038299,FBgn0038303,FBgn0011747,FBgn0265137"
"","REACTOME pathway","R-DME-416482","G alpha (12/13) signalling events","24","2","0.425","2.7792","1.475","0.161028839173461","0.793096337804883","1","0.456443840439855","1","cyst,RtGEF","FBgn0032796,FBgn0015803"
"","REACTOME pathway","R-DME-8935690","Digestion","71","4","0.849","1.8789","0.91","0.163890774911152","0.785445491322339","1","0.456443840439855","1","Nlg2,CG17292,CG7329,Nlg3","FBgn0031866,FBgn0032029,FBgn0032271,FBgn0083963"
"","REACTOME pathway","R-DME-71387","Metabolism of carbohydrates","150","7","1.486","1.5563","0.638","0.164755939899352","0.783158918955446","1","0.456443840439855","1","kon,Taldo,oxt,Gbs-70E,dlp,sut3,sut2","FBgn0032683,FBgn0023477,FBgn0015360,FBgn0036428,FBgn0041604,FBgn0028561,FBgn0028562"
"","REACTOME pathway","R-DME-382551","Transport of small molecules","438","17","3.609","1.2944","0.372","0.167931465435465","0.774867922178343","1","0.45706564070696","1","CG45062,CG33298,CG5397,JhI-21,Oatp33Ea,CG8850,Eglp4,CG4797,Culd,Ae2,SPoCk,CD98hc,ATP8B,CG14855,sut3,sut2,CG42638","FBgn0266432,FBgn0032120,FBgn0031327,FBgn0028425,FBgn0032433,FBgn0033708,FBgn0034885,FBgn0034909,FBgn0035880,FBgn0036043,FBgn0052451,FBgn0037533,FBgn0037989,FBgn0038260,FBgn0028561,FBgn0028562,FBgn0261361"
"","REACTOME pathway","R-DME-3769402","Deactivation of the beta-catenin transactivating complex","25","2","0.425","2.668","1.416","0.171745992383259","0.765113388219754","1","0.463600483627519","1","Diap2,pan","FBgn0015247,FBgn0085432"
"","REACTOME pathway","R-DME-168249","Innate Immune System","650","24","5.096","1.2314","0.3","0.171813597766109","0.764942467972205","1","0.463600483627519","1","NFAT,Prx6005,rl,pes,Oatp33Ea,Ku80,Tmem63,Cirl,Amph,conv,dos,Su(P),Mkp3,Spn77Bc,ATP8B,Spn88Eb,Sra-1,Stat92E,mbc,stac,AstA-R2,sut3,sut2,Spn42Da","FBgn0030505,FBgn0031479,FBgn0003256,FBgn0031969,FBgn0032433,FBgn0041627,FBgn0033259,FBgn0033313,FBgn0027356,FBgn0261269,FBgn0016794,FBgn0004465,FBgn0036844,FBgn0036970,FBgn0037989,FBgn0038299,FBgn0038320,FBgn0016917,FBgn0015513,FBgn0266719,FBgn0039595,FBgn0028561,FBgn0028562,FBgn0265137"
"","REACTOME pathway","R-DME-199977","ER to Golgi Anterograde Transport","126","6","1.274","1.5881","0.667","0.17771393593494","0.750278514443802","1","0.477463192683572","1","Sec24AB,Spn77Bc,Spn88Eb,SIDL,Ank,Spn42Da","FBgn0033460,FBgn0036970,FBgn0038299,FBgn0038303,FBgn0011747,FBgn0265137"
"","REACTOME pathway","R-DME-1630316","Glycosaminoglycan metabolism","49","3","0.637","2.0419","1.03","0.181208830102556","0.741820643461751","1","0.48022049524244","1","kon,oxt,dlp","FBgn0032683,FBgn0015360,FBgn0041604"
"","REACTOME pathway","R-DME-211976","Endogenous sterols","26","2","0.425","2.5654","1.359","0.182575843239138","0.738556684862829","1","0.48022049524244","1","Cyp4ae1,Cyp4ad1","FBgn0015036,FBgn0033292"
"","REACTOME pathway","R-DME-448424","Interleukin-17 signaling","26","2","0.425","2.5654","1.359","0.182575843239138","0.738556684862829","1","0.48022049524244","1","rl,Mkp3","FBgn0003256,FBgn0036844"
"","REACTOME pathway","R-DME-450294","MAP kinase activation","26","2","0.425","2.5654","1.359","0.182575843239138","0.738556684862829","1","0.48022049524244","1","rl,Mkp3","FBgn0003256,FBgn0036844"
"","REACTOME pathway","R-DME-983170","Antigen Presentation: Folding, assembly and peptide loading of class I MHC","26","2","0.425","2.5654","1.359","0.182575843239138","0.738556684862829","1","0.48022049524244","1","Sec24AB,Mdr65","FBgn0033460,FBgn0004513"
"","REACTOME pathway","R-DME-211916","Vitamins","27","2","0.425","2.4704","1.305","0.193502045376195","0.713314439994423","1","0.48068365240277","1","Cyp4ae1,Cyp4ad1","FBgn0015036,FBgn0033292"
"","REACTOME pathway","R-DME-77075","RNA Pol II CTD phosphorylation and interaction with CE","27","2","0.425","2.4704","1.305","0.193502045376195","0.713314439994423","1","0.48068365240277","1","RpII215,Rnmt","FBgn0003277,FBgn0286027"
"","REACTOME pathway","R-DME-9663891","Selective autophagy","52","3","0.637","1.9241","0.944","0.204199871010968","0.689944536584282","1","0.495757783184656","1","ref(2)P,DJ-1alpha,Atg1","FBgn0003231,FBgn0033885,FBgn0260945"
"","REACTOME pathway","R-DME-211897","Cytochrome P450 - arranged by substrate type","28","2","0.425","2.3822","1.252","0.204509127554383","0.689287303998743","1","0.495757783184656","1","Cyp4ae1,Cyp4ad1","FBgn0015036,FBgn0033292"
"","REACTOME pathway","R-DME-5663213","RHO GTPases Activate WASPs and WAVEs","28","2","0.425","2.3822","1.252","0.204509127554383","0.689287303998743","1","0.495757783184656","1","rl,Sra-1","FBgn0003256,FBgn0038320"
"","REACTOME pathway","R-DME-9006925","Intracellular signaling by second messengers","160","7","1.486","1.4591","0.545","0.205377386967243","0.687447376006412","1","0.495757783184656","1","Diap2,dos,S6k,ERR,btl,Tnks,chico","FBgn0015247,FBgn0016794,FBgn0283472,FBgn0035849,FBgn0285896,FBgn0027508,FBgn0024248"
"","REACTOME pathway","R-DME-425393","Transport of inorganic cations/anions and amino acids/oligopeptides","79","4","0.849","1.6886","0.756","0.212404423807937","0.67283644232047","1","0.495757783184656","1","JhI-21,CG8850,Ae2,CD98hc","FBgn0028425,FBgn0033708,FBgn0036043,FBgn0037533"
"","REACTOME pathway","R-DME-416476","G alpha (q) signalling events","29","2","0.425","2.3","1.202","0.215582456060496","0.666386584608365","1","0.495757783184656","1","rl,Dgkepsilon","FBgn0003256,FBgn0020930"
"","REACTOME pathway","R-DME-72086","mRNA Capping","29","2","0.425","2.3","1.202","0.215582456060496","0.666386584608365","1","0.495757783184656","1","RpII215,Rnmt","FBgn0003277,FBgn0286027"
"","REACTOME pathway","R-DME-211859","Biological oxidations","108","5","1.062","1.544","0.627","0.223637206321848","0.650455941590363","1","0.508584606337887","1","Cyp4ae1,CG5397,Cyp4ad1,St1,CG4390","FBgn0015036,FBgn0031327,FBgn0033292,FBgn0034887,FBgn0038771"
"","REACTOME pathway","R-DME-388396","GPCR downstream signalling","108","5","1.062","1.544","0.627","0.223637206321848","0.650455941590363","1","0.508584606337887","1","rl,Arr1,cyst,RtGEF,Dgkepsilon","FBgn0003256,FBgn0000120,FBgn0032796,FBgn0015803,FBgn0020930"
"","REACTOME pathway","R-DME-8978868","Fatty acid metabolism","136","6","1.274","1.4713","0.557","0.224232190653765","0.649302040181036","1","0.508584606337887","1","CG9527,CG5009,Hacl,Su(P),CG14855,CG5326","FBgn0031813,FBgn0027572,FBgn0034488,FBgn0004465,FBgn0038260,FBgn0038983"
"","REACTOME pathway","R-DME-428157","Sphingolipid metabolism","81","4","0.849","1.6469","0.72","0.225115443229618","0.647594710777584","1","0.50874464787632","1","Ugt36D1,Cerk,PKD,gish","FBgn0032713,FBgn0037315,FBgn0038603,FBgn0250823"
"","REACTOME pathway","R-DME-1660661","Sphingolipid de novo biosynthesis","30","2","0.425","2.2234","1.153","0.226708198570407","0.644532773964772","1","0.510501195341995","1","PKD,gish","FBgn0038603,FBgn0250823"
"","REACTOME pathway","R-DME-111465","Apoptotic cleavage of cellular proteins","31","2","0.425","2.1516","1.105","0.237873289418107","0.623654321769339","1","0.512155694761532","1","Diap2,pyd","FBgn0015247,FBgn0262614"
"","REACTOME pathway","R-DME-196791","Vitamin D (calciferol) metabolism","32","2","0.425","2.0844","1.06","0.249065396219933","0.603686606765612","1","0.524966121325516","1","Cyp4ae1,Cyp4ad1","FBgn0015036,FBgn0033292"
"","REACTOME pathway","R-DME-2029482","Regulation of actin dynamics for phagocytic cup formation","32","2","0.425","2.0844","1.06","0.249065396219933","0.603686606765612","1","0.524966121325516","1","rl,Sra-1","FBgn0003256,FBgn0038320"
"","REACTOME pathway","R-DME-5675221","Negative regulation of MAPK pathway","32","2","0.425","2.0844","1.06","0.249065396219933","0.603686606765612","1","0.524966121325516","1","rl,Mkp3","FBgn0003256,FBgn0036844"
"","REACTOME pathway","R-DME-8964043","Plasma lipoprotein clearance","32","2","0.425","2.0844","1.06","0.249065396219933","0.603686606765612","1","0.524966121325516","1","CG5397,Culd","FBgn0031327,FBgn0035880"
"","REACTOME pathway","R-DME-5673001","RAF/MAP kinase cascade","142","6","1.274","1.4092","0.495","0.253872447237877","0.595384430523927","1","0.530131224201621","1","pico,rl,Arr1,btl,Mkp3,chico","FBgn0261811,FBgn0003256,FBgn0000120,FBgn0285896,FBgn0036844,FBgn0024248"
"","REACTOME pathway","R-DME-5684996","MAPK1/MAPK3 signaling","143","6","1.274","1.3993","0.485","0.258916313269509","0.586840585564611","1","0.530131224201621","1","pico,rl,Arr1,btl,Mkp3,chico","FBgn0261811,FBgn0003256,FBgn0000120,FBgn0285896,FBgn0036844,FBgn0024248"
"","REACTOME pathway","R-DME-9013406","RHOQ GTPase cycle","35","2","0.425","1.9057","0.93","0.282690823026848","0.548688289754168","1","0.558596312367848","1","RtGEF,cv-c","FBgn0015803,FBgn0285955"
"","REACTOME pathway","R-DME-5683057","MAPK family signaling cascades","149","6","1.274","1.343","0.425","0.28969789247033","0.538054664243375","1","0.566721502145082","1","pico,rl,Arr1,btl,Mkp3,chico","FBgn0261811,FBgn0003256,FBgn0000120,FBgn0285896,FBgn0036844,FBgn0024248"
"","REACTOME pathway","R-DME-196849","Metabolism of water-soluble vitamins and cofactors","91","4","0.849","1.4659","0.552","0.29108855248114","0.535974873544456","1","0.567668018234249","1","Culd,ry,sut3,sut2","FBgn0035880,FBgn0003308,FBgn0028561,FBgn0028562"
"","REACTOME pathway","R-DME-211945","Phase I - Functionalization of compounds","63","3","0.637","1.5881","0.667","0.292761678761755","0.53348577116382","1","0.569157797841175","1","Cyp4ae1,CG5397,Cyp4ad1","FBgn0015036,FBgn0031327,FBgn0033292"
"","REACTOME pathway","R-DME-109582","Hemostasis","273","10","2.123","1.2216","0.289","0.304135133970163","0.516933406860149","1","0.583678849121359","1","pico,rl,pes,Arr1,Dgkepsilon,CG5114,Spn77Bc,Spn88Eb,mbc,Spn42Da","FBgn0261811,FBgn0003256,FBgn0031969,FBgn0000120,FBgn0020930,FBgn0036460,FBgn0036970,FBgn0038299,FBgn0015513,FBgn0265137"
"","REACTOME pathway","R-DME-8878159","Transcriptional regulation by RUNX3","65","3","0.637","1.5392","0.622","0.309244739390319","0.509697679486031","1","0.583678849121359","1","Smurf,pan,zfh2","FBgn0029006,FBgn0085432,FBgn0004607"
"","REACTOME pathway","R-DME-1632852","Macroautophagy","94","4","0.849","1.4192","0.505","0.311412822128456","0.506663509735167","1","0.583678849121359","1","ref(2)P,DJ-1alpha,CHMP2B,Atg1","FBgn0003231,FBgn0033885,FBgn0035589,FBgn0260945"
"","REACTOME pathway","R-DME-9612973","Autophagy","94","4","0.849","1.4192","0.505","0.311412822128456","0.506663509735167","1","0.583678849121359","1","ref(2)P,DJ-1alpha,CHMP2B,Atg1","FBgn0003231,FBgn0033885,FBgn0035589,FBgn0260945"
"","REACTOME pathway","R-DME-166166","MyD88-independent TLR4 cascade","38","2","0.425","1.7553","0.812","0.316179328998657","0.50006652654571","1","0.583678849121359","1","rl,Mkp3","FBgn0003256,FBgn0036844"
"","REACTOME pathway","R-DME-168164","Toll Like Receptor 3 (TLR3) Cascade","38","2","0.425","1.7553","0.812","0.316179328998657","0.50006652654571","1","0.583678849121359","1","rl,Mkp3","FBgn0003256,FBgn0036844"
"","REACTOME pathway","R-DME-2029480","Fcgamma receptor (FCGR) dependent phagocytosis","38","2","0.425","1.7553","0.812","0.316179328998657","0.50006652654571","1","0.583678849121359","1","rl,Sra-1","FBgn0003256,FBgn0038320"
"","REACTOME pathway","R-DME-937061","TRIF(TICAM1)-mediated TLR4 signaling","38","2","0.425","1.7553","0.812","0.316179328998657","0.50006652654571","1","0.583678849121359","1","rl,Mkp3","FBgn0003256,FBgn0036844"
"","REACTOME pathway","R-DME-9013148","CDC42 GTPase cycle","66","3","0.637","1.5159","0.6","0.317499188924993","0.498257379807753","1","0.583678849121359","1","RtGEF,cv-c,CG6005","FBgn0015803,FBgn0285955,FBgn0038672"
"","REACTOME pathway","R-DME-166016","Toll Like Receptor 4 (TLR4) Cascade","39","2","0.425","1.7103","0.774","0.327270409012136","0.485093260758947","1","0.583678849121359","1","rl,Mkp3","FBgn0003256,FBgn0036844"
"","REACTOME pathway","R-DME-166058","MyD88:MAL(TIRAP) cascade initiated on plasma membrane","39","2","0.425","1.7103","0.774","0.327270409012136","0.485093260758947","1","0.583678849121359","1","rl,Mkp3","FBgn0003256,FBgn0036844"
"","REACTOME pathway","R-DME-168138","Toll Like Receptor 9 (TLR9) Cascade","39","2","0.425","1.7103","0.774","0.327270409012136","0.485093260758947","1","0.583678849121359","1","rl,Mkp3","FBgn0003256,FBgn0036844"
"","REACTOME pathway","R-DME-168176","Toll Like Receptor 5 (TLR5) Cascade","39","2","0.425","1.7103","0.774","0.327270409012136","0.485093260758947","1","0.583678849121359","1","rl,Mkp3","FBgn0003256,FBgn0036844"
"","REACTOME pathway","R-DME-168179","Toll Like Receptor TLR1:TLR2 Cascade","39","2","0.425","1.7103","0.774","0.327270409012136","0.485093260758947","1","0.583678849121359","1","rl,Mkp3","FBgn0003256,FBgn0036844"
"","REACTOME pathway","R-DME-168181","Toll Like Receptor 7/8 (TLR7/8) Cascade","39","2","0.425","1.7103","0.774","0.327270409012136","0.485093260758947","1","0.583678849121359","1","rl,Mkp3","FBgn0003256,FBgn0036844"
"","REACTOME pathway","R-DME-168188","Toll Like Receptor TLR6:TLR2 Cascade","39","2","0.425","1.7103","0.774","0.327270409012136","0.485093260758947","1","0.583678849121359","1","rl,Mkp3","FBgn0003256,FBgn0036844"
"","REACTOME pathway","R-DME-181438","Toll Like Receptor 2 (TLR2) Cascade","39","2","0.425","1.7103","0.774","0.327270409012136","0.485093260758947","1","0.583678849121359","1","rl,Mkp3","FBgn0003256,FBgn0036844"
"","REACTOME pathway","R-DME-975138","TRAF6 mediated induction of NFkB and MAP kinases upon TLR7/8 or 9 activation","39","2","0.425","1.7103","0.774","0.327270409012136","0.485093260758947","1","0.583678849121359","1","rl,Mkp3","FBgn0003256,FBgn0036844"
"","REACTOME pathway","R-DME-975155","MyD88 dependent cascade initiated on endosome","39","2","0.425","1.7103","0.774","0.327270409012136","0.485093260758947","1","0.583678849121359","1","rl,Mkp3","FBgn0003256,FBgn0036844"
"","REACTOME pathway","R-DME-975871","MyD88 cascade initiated on plasma membrane","39","2","0.425","1.7103","0.774","0.327270409012136","0.485093260758947","1","0.583678849121359","1","rl,Mkp3","FBgn0003256,FBgn0036844"
"","REACTOME pathway","R-DME-9007101","Rab regulation of trafficking","68","3","0.637","1.4713","0.557","0.334014017358956","0.47623530703902","1","0.594013564962234","1","GAPcenA,l(3)76BDm,SIDL","FBgn0035879,FBgn0260655,FBgn0038303"
"","REACTOME pathway","R-DME-168142","Toll Like Receptor 10 (TLR10) Cascade","40","2","0.425","1.6675","0.738","0.338312648351613","0.470681765124744","1","0.599953874980482","1","rl,Mkp3","FBgn0003256,FBgn0036844"
"","REACTOME pathway","R-DME-212436","Generic Transcription Pathway","441","15","3.185","1.1344","0.182","0.345376514403244","0.461707197781461","1","0.602372401843764","1","Myc,RpII215,rl,elB,noc,grp,Sin3A,Smurf,Lpt,ERR,scyl,pan,zfh2,can,Snoo","FBgn0262656,FBgn0003277,FBgn0003256,FBgn0004858,FBgn0005771,FBgn0261278,FBgn0022764,FBgn0029006,FBgn0263667,FBgn0035849,FBgn0041094,FBgn0085432,FBgn0004607,FBgn0011569,FBgn0085450"
"","REACTOME pathway","R-DME-156580","Phase II - Conjugation of compounds","41","2","0.425","1.6268","0.702","0.349299012570745","0.456802642062562","1","0.602372401843764","1","St1,CG4390","FBgn0034887,FBgn0038771"
"","REACTOME pathway","R-DME-168898","Toll-like Receptor Cascades","41","2","0.425","1.6268","0.702","0.349299012570745","0.456802642062562","1","0.602372401843764","1","rl,Mkp3","FBgn0003256,FBgn0036844"
"","REACTOME pathway","R-DME-193144","Estrogen biosynthesis","41","2","0.425","1.6268","0.702","0.349299012570745","0.456802642062562","1","0.602372401843764","1","Cyp4ae1,Cyp4ad1","FBgn0015036,FBgn0033292"
"","REACTOME pathway","R-DME-6804756","Regulation of TP53 Activity through Phosphorylation","41","2","0.425","1.6268","0.702","0.349299012570745","0.456802642062562","1","0.602372401843764","1","grp,can","FBgn0261278,FBgn0011569"
"","REACTOME pathway","R-DME-174824","Plasma lipoprotein assembly, remodeling, and clearance","42","2","0.425","1.5881","0.667","0.36022293115678","0.443428644215363","1","0.610566640148201","1","CG5397,Culd","FBgn0031327,FBgn0035880"
"","REACTOME pathway","R-DME-983169","Class I MHC mediated antigen processing & presentation","225","8","1.699","1.1858","0.246","0.362682285631171","0.440473656000787","1","0.610566640148201","1","pes,Trim9,Cul2,Sec24AB,Smurf,mahj,CG17030,Mdr65","FBgn0031969,FBgn0051721,FBgn0032956,FBgn0033460,FBgn0029006,FBgn0034641,FBgn0035584,FBgn0004513"
"","REACTOME pathway","R-DME-446203","Asparagine N-linked glycosylation","194","7","1.486","1.2034","0.267","0.363656667699454","0.439308445165192","1","0.610566640148201","1","Sec24AB,SiaT,Spn77Bc,Spn88Eb,SIDL,Ank,Spn42Da","FBgn0033460,FBgn0035050,FBgn0036970,FBgn0038299,FBgn0038303,FBgn0011747,FBgn0265137"
"","REACTOME pathway","R-DME-442660","Na+/Cl- dependent neurotransmitter transporters","43","2","0.425","1.5512","0.633","0.371078276135004","0.430534469609313","1","0.614537039313525","1","CG8850,CG14855","FBgn0033708,FBgn0038260"
"","REACTOME pathway","R-DME-9749641","Aspirin ADME","43","2","0.425","1.5512","0.633","0.371078276135004","0.430534469609313","1","0.614537039313525","1","CG5397,CG14855","FBgn0031327,FBgn0038260"
"","REACTOME pathway","R-DME-112311","Neurotransmitter clearance","44","2","0.425","1.5159","0.6","0.381859341534714","0.41809658066082","1","0.625769496860552","1","CG5397,CG14855","FBgn0031327,FBgn0038260"
"","REACTOME pathway","R-DME-194138","Signaling by VEGF","44","2","0.425","1.5159","0.6","0.381859341534714","0.41809658066082","1","0.625769496860552","1","alpha-Cat,Sra-1","FBgn0010215,FBgn0038320"
"","REACTOME pathway","R-DME-4420097","VEGFA-VEGFR2 Pathway","44","2","0.425","1.5159","0.6","0.381859341534714","0.41809658066082","1","0.625769496860552","1","alpha-Cat,Sra-1","FBgn0010215,FBgn0038320"
"","REACTOME pathway","R-DME-8876198","RAB GEFs exchange GTP for GDP on RABs","44","2","0.425","1.5159","0.6","0.381859341534714","0.41809658066082","1","0.625769496860552","1","l(3)76BDm,SIDL","FBgn0260655,FBgn0038303"
"","REACTOME pathway","R-DME-1280215","Cytokine Signaling in Immune system","137","5","1.062","1.2172","0.284","0.392609191445191","0.406039537269888","1","0.636718533276398","1","rl,CG17030,Mkp3,Stat92E,NAT1","FBgn0003256,FBgn0035584,FBgn0036844,FBgn0016917,FBgn0010488"
"","REACTOME pathway","R-DME-674695","RNA Polymerase II Pre-transcription Events","76","3","0.637","1.3165","0.397","0.399623403292503","0.398349085953639","1","0.640539027680971","1","RpII215,atms,can","FBgn0003277,FBgn0010750,FBgn0011569"
"","REACTOME pathway","R-DME-9018519","Estrogen-dependent gene expression","46","2","0.425","1.45","0.536","0.403177802305574","0.3945033867847","1","0.640539027680971","1","RpII215,ERR","FBgn0003277,FBgn0035849"
"","REACTOME pathway","R-DME-9006931","Signaling by Nuclear Receptors","108","4","0.849","1.2352","0.305","0.406964007512364","0.390443998710846","1","0.641333033397037","1","RpII215,rl,ERR,InR","FBgn0003277,FBgn0003256,FBgn0035849,FBgn0283499"
"","REACTOME pathway","R-DME-1280218","Adaptive Immune System","303","10","2.123","1.1007","0.138","0.424069218264998","0.372563250348175","1","0.641333033397037","1","NFAT,RapGAP1,pes,Trim9,Cul2,Sec24AB,Smurf,mahj,CG17030,Mdr65","FBgn0030505,FBgn0264895,FBgn0031969,FBgn0051721,FBgn0032956,FBgn0033460,FBgn0029006,FBgn0034641,FBgn0035584,FBgn0004513"
"","REACTOME pathway","R-DME-4641257","Degradation of AXIN","48","2","0.425","1.3896","0.475","0.424140376719446","0.372490382216612","1","0.641333033397037","1","Smurf,Tnks","FBgn0029006,FBgn0027508"
"","REACTOME pathway","R-DME-500792","GPCR ligand binding","48","2","0.425","1.3896","0.475","0.424140376719446","0.372490382216612","1","0.641333033397037","1","Cirl,AstA-R2","FBgn0033313,FBgn0039595"
"","REACTOME pathway","R-DME-73776","RNA Polymerase II Promoter Escape","48","2","0.425","1.3896","0.475","0.424140376719446","0.372490382216612","1","0.641333033397037","1","RpII215,can","FBgn0003277,FBgn0011569"
"","REACTOME pathway","R-DME-73779","RNA Polymerase II Transcription Pre-Initiation And Promoter Opening","48","2","0.425","1.3896","0.475","0.424140376719446","0.372490382216612","1","0.641333033397037","1","RpII215,can","FBgn0003277,FBgn0011569"
"","REACTOME pathway","R-DME-75953","RNA Polymerase II Transcription Initiation","48","2","0.425","1.3896","0.475","0.424140376719446","0.372490382216612","1","0.641333033397037","1","RpII215,can","FBgn0003277,FBgn0011569"
"","REACTOME pathway","R-DME-76042","RNA Polymerase II Transcription Initiation And Promoter Clearance","48","2","0.425","1.3896","0.475","0.424140376719446","0.372490382216612","1","0.641333033397037","1","RpII215,can","FBgn0003277,FBgn0011569"
"","REACTOME pathway","R-DME-381426","Regulation of Insulin-like Growth Factor (IGF) transport and uptake by Insulin-like Growth Factor Binding Proteins (IGFBPs)","80","3","0.637","1.2506","0.323","0.431801992502543","0.364715357993305","1","0.649778959871615","1","Spn77Bc,Spn88Eb,Spn42Da","FBgn0036970,FBgn0038299,FBgn0265137"
"","REACTOME pathway","R-DME-8957275","Post-translational protein phosphorylation","80","3","0.637","1.2506","0.323","0.431801992502543","0.364715357993305","1","0.649778959871615","1","Spn77Bc,Spn88Eb,Spn42Da","FBgn0036970,FBgn0038299,FBgn0265137"
"","REACTOME pathway","R-DME-3858494","Beta-catenin independent WNT signaling","81","3","0.637","1.2352","0.305","0.439751475166886","0.356792695006911","1","0.650790599183146","1","NFAT,Smurf,pan","FBgn0030505,FBgn0029006,FBgn0085432"
"","REACTOME pathway","R-DME-73857","RNA Polymerase II Transcription","537","17","3.609","1.0558","0.078","0.444401012083538","0.352224960663223","1","0.655038592531416","1","Myc,RpII215,rl,elB,noc,Rnmt,grp,Sin3A,Smurf,Lpt,ERR,scyl,atms,pan,zfh2,can,Snoo","FBgn0262656,FBgn0003277,FBgn0003256,FBgn0004858,FBgn0005771,FBgn0286027,FBgn0261278,FBgn0022764,FBgn0029006,FBgn0263667,FBgn0035849,FBgn0041094,FBgn0010750,FBgn0085432,FBgn0004607,FBgn0011569,FBgn0085450"
"","REACTOME pathway","R-DME-112382","Formation of RNA Pol II elongation complex","50","2","0.425","1.334","0.416","0.444714699402319","0.351918515336745","1","0.655038592531416","1","RpII215,atms","FBgn0003277,FBgn0010750"
"","REACTOME pathway","R-DME-112316","Neuronal System","212","7","1.486","1.1012","0.139","0.45202083350763","0.344841548222043","1","0.655057085594799","1","CG5397,Nlg2,Ca-beta,trn,Nlg3,HisCl1,CG14855","FBgn0031327,FBgn0031866,FBgn0259822,FBgn0010452,FBgn0083963,FBgn0037950,FBgn0038260"
"","REACTOME pathway","R-DME-5173105","O-linked glycosylation","51","2","0.425","1.3079","0.387","0.454847545884567","0.342134144168919","1","0.655057085594799","1","CG8668,SiaT","FBgn0031988,FBgn0035050"
"","REACTOME pathway","R-DME-1660662","Glycosphingolipid metabolism","52","2","0.425","1.2827","0.359","0.464873452879511","0.332665253982816","1","0.662894718684679","1","Ugt36D1,Cerk","FBgn0032713,FBgn0037315"
"","REACTOME pathway","R-DME-2682334","EPH-Ephrin signaling","52","2","0.425","1.2827","0.359","0.464873452879511","0.332665253982816","1","0.662894718684679","1","cyst,RtGEF","FBgn0032796,FBgn0015803"
"","REACTOME pathway","R-DME-75955","RNA Polymerase II Transcription Elongation","52","2","0.425","1.2827","0.359","0.464873452879511","0.332665253982816","1","0.662894718684679","1","RpII215,atms","FBgn0003277,FBgn0010750"
"","REACTOME pathway","R-DME-6782135","Dual incision in TC-NER","53","2","0.425","1.2585","0.332","0.474789715485936","0.32349869695435","1","0.666408883170842","1","RpII215,DNApol-epsilon58","FBgn0003277,FBgn0035644"
"","REACTOME pathway","R-DME-9609507","Protein localization","88","3","0.637","1.1369","0.185","0.494081135426204","0.306201727646115","1","0.685797762254553","1","CG9527,CG5009,Hacl","FBgn0031813,FBgn0027572,FBgn0034488"
"","REACTOME pathway","R-DME-209412","Wingless pathway","56","2","0.425","1.1911","0.252","0.503857373184824","0.297692381818237","1","0.6947460696337","1","pan,gish","FBgn0085432,FBgn0250823"
"","REACTOME pathway","R-DME-9753281","Paracetamol ADME","57","2","0.425","1.1702","0.227","0.513312968042236","0.289617763835784","1","0.702776490888802","1","Ugt36D1,St1","FBgn0032713,FBgn0034887"
"","REACTOME pathway","R-DME-5696398","Nucleotide Excision Repair","91","3","0.637","1.0995","0.137","0.516556714452597","0.286881988913749","1","0.702776490888802","1","RpII215,DNApol-epsilon58,l(3)L1231","FBgn0003277,FBgn0035644,FBgn0086686"
"","REACTOME pathway","R-DME-1430728","Metabolism","1201","36","7.643","0.9997","0","0.526610266141167","0.278510678680387","1","0.708559401851888","1","Cyp4ae1,CG5397,Duox,CG9527,pes,Ca-beta,JhI-21,kon,Ugt36D1,Cyp4ad1,oys,Sin3A,CG5009,Hacl,St1,Taldo,ATPsynF,oxt,Culd,CAH2,Gbs-70E,dlp,Su(P),Spn77Bc,Cerk,CD98hc,ry,CG14855,Spn88Eb,PKD,CG4390,CG5326,sut3,sut2,gish,Spn42Da","FBgn0015036,FBgn0031327,FBgn0283531,FBgn0031813,FBgn0031969,FBgn0259822,FBgn0028425,FBgn0032683,FBgn0032713,FBgn0033292,FBgn0033476,FBgn0022764,FBgn0027572,FBgn0034488,FBgn0034887,FBgn0023477,FBgn0035032,FBgn0015360,FBgn0035880,FBgn0027843,FBgn0036428,FBgn0041604,FBgn0004465,FBgn0036970,FBgn0037315,FBgn0037533,FBgn0003308,FBgn0038260,FBgn0038299,FBgn0038603,FBgn0038771,FBgn0038983,FBgn0028561,FBgn0028562,FBgn0250823,FBgn0265137"
"","REACTOME pathway","R-DME-397014","Muscle contraction","93","3","0.637","1.0758","0.105","0.531239285310949","0.274709816239998","1","0.708559401851888","1","CG5397,Ca-beta,zip","FBgn0031327,FBgn0259822,FBgn0265434"
"","REACTOME pathway","R-DME-8948751","Regulation of PTEN stability and activity","59","2","0.425","1.1305","0.177","0.531864141538692","0.274199288974093","1","0.708559401851888","1","Diap2,Tnks","FBgn0015247,FBgn0027508"
"","REACTOME pathway","R-DME-73894","DNA Repair","132","4","0.849","1.0106","0.015","0.561945613012667","0.250305714878375","1","0.731347097184885","1","RpII215,grp,DNApol-epsilon58,l(3)L1231","FBgn0003277,FBgn0261278,FBgn0035644,FBgn0086686"
"","REACTOME pathway","R-DME-6781827","Transcription-Coupled Nucleotide Excision Repair (TC-NER)","64","2","0.425","1.0422","0.06","0.576091854577037","0.239508265265149","1","0.746653211108126","1","RpII215,DNApol-epsilon58","FBgn0003277,FBgn0035644"
"","REACTOME pathway","R-DME-74160","Gene expression (Transcription)","618","18","3.822","0.9714","-0.042","0.585047749794561","0.232808686693884","1","0.749580693647388","1","Myc,RpII215,rl,elB,noc,Rnmt,grp,Sin3A,Smurf,Lpt,ERR,scyl,RpIIIC53,atms,pan,zfh2,can,Snoo","FBgn0262656,FBgn0003277,FBgn0003256,FBgn0004858,FBgn0005771,FBgn0286027,FBgn0261278,FBgn0022764,FBgn0029006,FBgn0263667,FBgn0035849,FBgn0041094,FBgn0036775,FBgn0010750,FBgn0085432,FBgn0004607,FBgn0011569,FBgn0085450"
"","REACTOME pathway","R-DME-114608","Platelet degranulation","137","4","0.849","0.9737","-0.038","0.59144044497284","0.228088980067038","1","0.754056453264762","1","pes,Spn77Bc,Spn88Eb,Spn42Da","FBgn0031969,FBgn0036970,FBgn0038299,FBgn0265137"
"","REACTOME pathway","R-DME-72163","mRNA Splicing - Major Pathway","138","4","0.849","0.9667","-0.049","0.597197697985822","0.22388187501597","1","0.757709290443158","1","RpII215,CG8441,Cdc5,Syp","FBgn0003277,FBgn0034086,FBgn0265574,FBgn0038826"
"","REACTOME pathway","R-DME-5696399","Global Genome Nucleotide Excision Repair (GG-NER)","67","2","0.425","0.9955","-0.007","0.60112900435675","0.221032316902129","1","0.758682977272833","1","DNApol-epsilon58,l(3)L1231","FBgn0035644,FBgn0086686"
"","REACTOME pathway","R-DME-76005","Response to elevated platelet cytosolic Ca2+","139","4","0.849","0.9597","-0.059","0.60290637199386","0.219750126141036","1","0.759395148628081","1","pes,Spn77Bc,Spn88Eb,Spn42Da","FBgn0031969,FBgn0036970,FBgn0038299,FBgn0265137"
"","REACTOME pathway","R-DME-199991","Membrane Trafficking","385","11","2.335","0.9529","-0.07","0.608029461199933","0.216075377098024","1","0.760645485929392","1","Arr1,Sec24AB,Amph,CHMP2B,GAPcenA,l(3)76BDm,Spn77Bc,Spn88Eb,SIDL,Ank,Spn42Da","FBgn0000120,FBgn0033460,FBgn0027356,FBgn0035589,FBgn0035879,FBgn0260655,FBgn0036970,FBgn0038299,FBgn0038303,FBgn0011747,FBgn0265137"
"","REACTOME pathway","R-DME-425366","Transport of bile salts and organic acids, metal ions and amine compounds","68","2","0.425","0.9809","-0.028","0.609223397902137","0.215223425453115","1","0.760645485929392","1","CG8850,CG14855","FBgn0033708,FBgn0038260"
"","REACTOME pathway","R-DME-6807505","RNA polymerase II transcribes snRNA genes","68","2","0.425","0.9809","-0.028","0.609223397902137","0.215223425453115","1","0.760645485929392","1","RpII215,can","FBgn0003277,FBgn0011569"
"","REACTOME pathway","R-DME-5653656","Vesicle-mediated transport","387","11","2.335","0.9479","-0.077","0.614894053563938","0.211199706852662","1","0.763047459345105","1","Arr1,Sec24AB,Amph,CHMP2B,GAPcenA,l(3)76BDm,Spn77Bc,Spn88Eb,SIDL,Ank,Spn42Da","FBgn0000120,FBgn0033460,FBgn0027356,FBgn0035589,FBgn0035879,FBgn0260655,FBgn0036970,FBgn0038299,FBgn0038303,FBgn0011747,FBgn0265137"
"","REACTOME pathway","R-DME-196854","Metabolism of vitamins and cofactors","142","4","0.849","0.9394","-0.09","0.619736023429768","0.207793258857476","1","0.763047459345105","1","Culd,ry,sut3,sut2","FBgn0035880,FBgn0003308,FBgn0028561,FBgn0028562"
"","REACTOME pathway","R-DME-449147","Signaling by Interleukins","106","3","0.637","0.9439","-0.083","0.620171928023114","0.20748789591968","1","0.763047459345105","1","rl,Mkp3,Stat92E","FBgn0003256,FBgn0036844,FBgn0016917"
"","REACTOME pathway","R-DME-8878171","Transcriptional regulation by RUNX1","106","3","0.637","0.9439","-0.083","0.620171928023114","0.20748789591968","1","0.763047459345105","1","Sin3A,Lpt,ERR","FBgn0022764,FBgn0263667,FBgn0035849"
"","REACTOME pathway","R-DME-72172","mRNA Splicing","144","4","0.849","0.9264","-0.11","0.630704486740959","0.200174079487243","1","0.766429686243428","1","RpII215,CG8441,Cdc5,Syp","FBgn0003277,FBgn0034086,FBgn0265574,FBgn0038826"
"","REACTOME pathway","R-DME-5576891","Cardiac conduction","72","2","0.425","0.9264","-0.11","0.640348415351023","0.193583660873187","1","0.770880976941809","1","CG5397,Ca-beta","FBgn0031327,FBgn0259822"
"","REACTOME pathway","R-DME-5633007","Regulation of TP53 Activity","72","2","0.425","0.9264","-0.11","0.640348415351023","0.193583660873187","1","0.770880976941809","1","grp,can","FBgn0261278,FBgn0011569"
"","REACTOME pathway","R-DME-5689603","UCH proteinases","74","2","0.425","0.9014","-0.15","0.655164981158979","0.183649323848158","1","0.783522009718244","1","Asx,l(3)L1231","FBgn0261823,FBgn0086686"
"","REACTOME pathway","R-DME-597592","Post-translational protein modification","693","19","4.034","0.9144","-0.129","0.689703798282131","0.1613373822923","1","0.816171224432162","1","CG8668,CYLD,Arr1,Cul2,Sec24AB,Asx,Smurf,SiaT,gol,ERR,Spn77Bc,atms,l(3)L1231,Spn88Eb,SIDL,Tnks,CG6420,Ank,Spn42Da","FBgn0031988,FBgn0032210,FBgn0000120,FBgn0032956,FBgn0033460,FBgn0261823,FBgn0029006,FBgn0035050,FBgn0004919,FBgn0035849,FBgn0036970,FBgn0010750,FBgn0086686,FBgn0038299,FBgn0038303,FBgn0027508,FBgn0039451,FBgn0011747,FBgn0265137"
"","REACTOME pathway","R-DME-1483206","Glycerophospholipid biosynthesis","80","2","0.425","0.8338","-0.262","0.696694348746374","0.15695771224169","1","0.819794478036147","1","CG5397,oys","FBgn0031327,FBgn0033476"
"","REACTOME pathway","R-DME-2454202","Fc epsilon receptor (FCERI) signaling","80","2","0.425","0.8338","-0.262","0.696694348746374","0.15695771224169","1","0.819794478036147","1","NFAT,dos","FBgn0030505,FBgn0016794"
"","REACTOME pathway","R-DME-450531","Regulation of mRNA stability by proteins that bind AU-rich elements","82","2","0.425","0.8134","-0.298","0.709587759637968","0.148993884675113","1","0.830133456520159","1","elav,CG4612","FBgn0260400,FBgn0035016"
"","REACTOME pathway","R-DME-5389840","Mitochondrial translation elongation","82","2","0.425","0.8134","-0.298","0.709587759637968","0.148993884675113","1","0.830133456520159","1","CG4679,bonsai","FBgn0033816,FBgn0026261"
"","REACTOME pathway","R-DME-983168","Antigen processing: Ubiquitination & Proteasome degradation","198","5","1.062","0.8422","-0.248","0.712119571493236","0.147447078161233","1","0.830133456520159","1","Trim9,Cul2,Smurf,mahj,CG17030","FBgn0051721,FBgn0032956,FBgn0029006,FBgn0034641,FBgn0035584"
"","REACTOME pathway","R-DME-917937","Iron uptake and transport","83","2","0.425","0.8036","-0.315","0.715861045353262","0.145171269721317","1","0.830891141886001","1","CG14855,CG42638","FBgn0038260,FBgn0261361"
"","REACTOME pathway","R-DME-5419276","Mitochondrial translation termination","84","2","0.425","0.7941","-0.333","0.722020239280272","0.141450628352046","1","0.830891141886001","1","CG4679,bonsai","FBgn0033816,FBgn0026261"
"","REACTOME pathway","R-DME-5368287","Mitochondrial translation","85","2","0.425","0.7847","-0.35","0.72806652662085","0.137828935488757","1","0.834372201517937","1","CG4679,bonsai","FBgn0033816,FBgn0026261"
"","REACTOME pathway","R-DME-112315","Transmission across Chemical Synapses","167","4","0.849","0.7988","-0.324","0.74178195464187","0.129723735977461","1","0.844282733828747","1","CG5397,Ca-beta,HisCl1,CG14855","FBgn0031327,FBgn0259822,FBgn0037950,FBgn0038260"
"","REACTOME pathway","R-DME-8856828","Clathrin-mediated endocytosis","96","2","0.425","0.6948","-0.525","0.787488955256999","0.103755528591793","1","0.87710965841569","1","Arr1,Amph","FBgn0000120,FBgn0027356"
"","REACTOME pathway","R-DME-6807070","PTEN Regulation","97","2","0.425","0.6876","-0.54","0.792281631817957","0.101120412598688","1","0.879376421131278","1","Diap2,Tnks","FBgn0015247,FBgn0027508"
"","REACTOME pathway","R-DME-3700989","Transcriptional Regulation by TP53","183","4","0.849","0.729","-0.456","0.80279460536844","0.0953955545534987","1","0.884770110846203","1","RpII215,grp,scyl,can","FBgn0003277,FBgn0261278,FBgn0041094,FBgn0011569"
"","REACTOME pathway","R-DME-1483257","Phospholipid metabolism","113","2","0.425","0.5903","-0.76","0.856921344878026","0.067059039282303","1","0.918549249817884","1","CG5397,oys","FBgn0031327,FBgn0033476"
"","REACTOME pathway","R-DME-72203","Processing of Capped Intron-Containing Pre-mRNA","212","4","0.849","0.6293","-0.668","0.883337165654436","0.0538734966104426","1","0.939434502219169","1","RpII215,CG8441,Cdc5,Syp","FBgn0003277,FBgn0034086,FBgn0265574,FBgn0038826"
"","REACTOME pathway","R-DME-9711123","Cellular response to chemical stress","122","2","0.425","0.5467","-0.871","0.884651245842917","0.0532279065420726","1","0.939434502219169","1","ref(2)P,Sin3A","FBgn0003231,FBgn0022764"
"","REACTOME pathway","R-DME-392499","Metabolism of proteins","968","23","4.883","0.7924","-0.336","0.90131370647367","0.0451240244726104","1","0.948637766758174","1","CG5397,CG8668,CYLD,Arr1,Cul2,Sec24AB,CG4679,Asx,Smurf,bonsai,CG4612,SiaT,gol,ERR,Spn77Bc,atms,l(3)L1231,Spn88Eb,SIDL,Tnks,CG6420,Ank,Spn42Da","FBgn0031327,FBgn0031988,FBgn0032210,FBgn0000120,FBgn0032956,FBgn0033460,FBgn0033816,FBgn0261823,FBgn0029006,FBgn0026261,FBgn0035016,FBgn0035050,FBgn0004919,FBgn0035849,FBgn0036970,FBgn0010750,FBgn0086686,FBgn0038299,FBgn0038303,FBgn0027508,FBgn0039451,FBgn0011747,FBgn0265137"
"","REACTOME pathway","R-DME-2262752","Cellular responses to stress","328","6","1.274","0.6101","-0.713","0.931427744187628","0.0308508299977286","1","0.968561076181819","1","rl,ref(2)P,Cul2,Sin3A,ERR,CG3764","FBgn0003256,FBgn0003231,FBgn0032956,FBgn0022764,FBgn0035849,FBgn0036684"
"","REACTOME pathway","R-DME-8953897","Cellular responses to stimuli","328","6","1.274","0.6101","-0.713","0.931427744187628","0.0308508299977286","1","0.968561076181819","1","rl,ref(2)P,Cul2,Sin3A,ERR,CG3764","FBgn0003256,FBgn0003231,FBgn0032956,FBgn0022764,FBgn0035849,FBgn0036684"
"","REACTOME pathway","R-DME-71291","Metabolism of amino acids and derivatives","195","3","0.637","0.5131","-0.963","0.934853193112667","0.0292565842365315","1","0.970023083567697","1","Duox,JhI-21,CD98hc","FBgn0283531,FBgn0028425,FBgn0037533"
"","REACTOME pathway","R-DME-68886","M Phase","148","2","0.425","0.4507","-1.15","0.939246804087128","0.0272202740071238","1","0.970753366038673","1","rl,CHMP2B","FBgn0003256,FBgn0035589"
"","REACTOME pathway","R-DME-72766","Translation","214","3","0.637","0.4675","-1.097","0.957446846664373","0.0188853268539753","1","0.975140232761948","1","CG4679,bonsai,CG4612","FBgn0033816,FBgn0026261,FBgn0035016"
"","REACTOME pathway","R-DME-1640170","Cell Cycle","272","4","0.849","0.4904","-1.028","0.9649884444274","0.0154778872276721","1","0.975140232761948","1","rl,grp,CHMP2B,DNApol-epsilon58","FBgn0003256,FBgn0261278,FBgn0035589,FBgn0035644"
"","REACTOME pathway","R-DME-8953854","Metabolism of RNA","472","8","1.699","0.5653","-0.823","0.974310843817156","0.0113024638427253","1","0.98057650840762","1","elav,RpII215,CG9107,Rnmt,CG8441,CG4612,Cdc5,Syp","FBgn0260400,FBgn0003277,FBgn0031764,FBgn0286027,FBgn0034086,FBgn0035016,FBgn0265574,FBgn0038826"
"","REACTOME pathway","R-DME-69278","Cell Cycle, Mitotic","254","3","0.637","0.3939","-1.344","0.98328200060261","0.00732191071126848","1","0.986433545476336","1","rl,CHMP2B,DNApol-epsilon58","FBgn0003256,FBgn0035589,FBgn0035644"